{"count":1,"self":17.9980336,"total":18.2555928,"children":{"AgentSendState":{"count":679,"self":0.08056279999999999,"total":0.1832191,"children":{"CollectObservations":{"count":1081,"self":0.0199606,"total":0.0199606,"children":null},"CollectDiscreteActionMasks":{"count":1081,"self":0.0030034999999999997,"total":0.0030034999999999997,"children":null},"RayPerceptionSensor.Perceive":{"count":1081,"self":0.079692199999999991,"total":0.079692199999999991,"children":null}}},"DecideAction":{"count":679,"self":0.014998099999999999,"total":0.014998099999999999,"children":null},"AgentAct":{"count":679,"self":0.0573432,"total":0.0573432,"children":null}},"gauges":{},"metadata":{"timer_format_version":"0.1.0","start_time_seconds":"1594820499","unity_version":"2019.3.13f1","command_line_arguments":"C:\\Program Files\\Unity\\Hub\\Editor\\2019.3.13f1\\Editor\\Unity.exe","communication_protocol_version":"1.0.0","com.unity.ml-agents_version":"1.0.0-preview","scene_name":"Penguin","end_time_seconds":"1594820517"}}